{"v":"5.6.10","fr":30,"ip":0,"op":30,"w":441,"h":262,"nm":"画板 1","ddd":0,"assets":[{"id":"image_0","w":33,"h":34,"u":"images/","p":"img_0.png","e":0},{"id":"image_1","w":20,"h":19,"u":"images/","p":"img_1.png","e":0},{"id":"image_2","w":13,"h":19,"u":"images/","p":"img_2.png","e":0},{"id":"image_3","w":84,"h":83,"u":"images/","p":"img_3.png","e":0},{"id":"image_4","w":297,"h":135,"u":"images/","p":"img_4.png","e":0}],"layers":[{"ddd":0,"ind":1,"ty":2,"nm":"手","parent":4,"refId":"image_0","sr":1,"ks":{"o":{"a":0,"k":100,"ix":11},"r":{"a":1,"k":[{"i":{"x":[0.667],"y":[1]},"o":{"x":[0.333],"y":[0]},"t":9,"s":[0],"e":[10]},{"i":{"x":[0.667],"y":[1]},"o":{"x":[0.333],"y":[0]},"t":12,"s":[10],"e":[-13]},{"t":14}],"ix":10},"p":{"a":0,"k":[-10.5,14.5,0],"ix":2},"a":{"a":0,"k":[1.5,31.5,0],"ix":1},"s":{"a":0,"k":[100,100,100],"ix":6}},"ao":0,"ip":5,"op":30,"st":-4,"bm":0},{"ddd":0,"ind":2,"ty":2,"nm":"形状 12","parent":4,"refId":"image_1","sr":1,"ks":{"o":{"a":0,"k":100,"ix":11},"r":{"a":0,"k":0,"ix":10},"p":{"a":0,"k":[56,34.5,0],"ix":2},"a":{"a":0,"k":[10,9.5,0],"ix":1},"s":{"a":0,"k":[100,100,100],"ix":6}},"ao":0,"ip":10,"op":30,"st":10,"bm":0},{"ddd":0,"ind":3,"ty":2,"nm":"形状 9","parent":4,"refId":"image_2","sr":1,"ks":{"o":{"a":0,"k":100,"ix":11},"r":{"a":0,"k":0,"ix":10},"p":{"a":0,"k":[52.5,36.5,0],"ix":2},"a":{"a":0,"k":[6.5,9.5,0],"ix":1},"s":{"a":0,"k":[100,100,100],"ix":6}},"ao":0,"ip":5,"op":10,"st":1,"bm":0},{"ddd":0,"ind":4,"ty":2,"nm":"组 2 拷贝 3","refId":"image_3","sr":1,"ks":{"o":{"a":1,"k":[{"i":{"x":[0.667],"y":[1]},"o":{"x":[0.333],"y":[0]},"t":27,"s":[100],"e":[0]},{"t":29}],"ix":11},"r":{"a":1,"k":[{"i":{"x":[0.667],"y":[1]},"o":{"x":[0.333],"y":[0]},"t":10,"s":[0],"e":[12]},{"t":13}],"ix":10},"p":{"a":0,"k":[364,106.5,0],"ix":2},"a":{"a":0,"k":[42,41.5,0],"ix":1},"s":{"a":1,"k":[{"i":{"x":[0.667,0.667,0.667],"y":[1,1,1]},"o":{"x":[0.333,0.333,0.333],"y":[0,0,0]},"t":5,"s":[161,161,100],"e":[100,100,100]},{"t":8}],"ix":6}},"ao":0,"ip":5,"op":30,"st":-6,"bm":0},{"ddd":0,"ind":5,"ty":2,"nm":"组 1 拷贝","refId":"image_4","sr":1,"ks":{"o":{"a":1,"k":[{"i":{"x":[0.667],"y":[1]},"o":{"x":[0.333],"y":[0]},"t":27,"s":[100],"e":[0]},{"t":29}],"ix":11},"r":{"a":1,"k":[{"i":{"x":[0.667],"y":[1]},"o":{"x":[0.333],"y":[0]},"t":11,"s":[0],"e":[-3]},{"t":12}],"ix":10},"p":{"a":0,"k":[194.5,99.5,0],"ix":2},"a":{"a":0,"k":[148.5,67.5,0],"ix":1},"s":{"a":1,"k":[{"i":{"x":[0.667,0.667,0.667],"y":[1,1,1]},"o":{"x":[0.333,0.333,0.333],"y":[0,0,0]},"t":7,"s":[192,192,100],"e":[100,100,100]},{"t":10}],"ix":6}},"ao":0,"ip":7,"op":30,"st":-4,"bm":0}],"markers":[]}